Feature 1,Feature 2,Cluster
4.5113413247891705,0.0913206384430929,1
5.1813415644328895,2.732324844243379,1
3.28880447002008,0.6507117271971619,1
-6.933532040157009,-7.862413173653262,2
-4.888073888946536,-7.7121708981258035,2
-5.744007043968326,-7.986403105687581,2
-8.24794222998408,-4.892833594045139,2
4.1660394891571855,1.958717413062453,1
-3.3381926339748227,8.454105088001354,0
-5.69990198279056,-6.686001962322589,2
-6.695792674828766,-4.18707592929545,2
-3.4997339481834384,8.447988398595552,0
-7.618998598610307,-5.688210258862374,2
-5.661668038845711,-7.393305957789343,2
-1.3197271341281096,7.786678313061331,0
-1.4355658731929781,7.987770828787263,0
5.188762671545466,1.718213890387034,1
4.033178541462805,2.1844533762202047,1
4.393816348098153,1.1299230886245406,1
-5.658805892338222,-7.756883374487791,2
-5.979228602756207,-6.428884273957438,2
4.621170079782204,1.5846512308518461,1
-5.965855569765685,-8.42583937996668,2
-2.768788974416355,7.511143175080218,0
-4.783783689342111,-5.28566720152675,2
4.987555319766438,1.4859411198271797,1
5.833988239275474,0.9920041528010504,1
-3.7094940301085266,8.679784892357375,0
-3.6015103877253294,8.697877678503522,0
-3.3445446763125073,11.159435255971712,0
-7.726478157276635,-5.63049068797928,2
-2.2951038789225464,7.768547349486335,0
-5.047070147672068,-6.0659578311576805,2
-6.454137257911039,-5.682862669630719,2
5.839957792654962,1.481267236434527,1
5.140544557609311,2.022943371121692,1
-6.097497189619811,-7.6710089749435,2
-2.9726153158652124,8.548556374628067,0
-2.699880023816097,9.231719001378046,0
-2.383973120404843,8.584880587073071,0
5.121744897946593,2.520434481318699,1
6.062626972328042,2.899385086182324,1
5.956993903567967,1.8551011569496532,1
5.511176133685345,0.6271900036939835,1
-6.323074066617512,-8.215591162375837,2
-6.49330387333971,-7.084580814262068,2
-0.9860735457830929,9.553196171882982,0
-3.4076122944011082,9.50620529970483,0
-1.6860270390908356,9.087604095386727,0
-7.00728187266946,-7.440717230123257,2
-5.140775839297939,-7.201352359393859,2
-2.7790725583461215,8.035522412416016,0
4.157135314046069,1.0198410756820198,1
-7.865430999819097,-7.164264691204743,2
4.25590756427575,2.2233698901924264,1
-4.028567589006764,8.530052055332073,0
-1.4425229334635963,10.183581718643996,0
5.255649985999243,3.177054121109548,1
-2.980235928671073,9.24633606555596,0
4.93343676839473,0.616587879317327,1
-2.5128001621433187,7.855921439005781,0
-2.166472276675046,9.471039347352107,0
5.828792207702744,2.681473531141796,1
-6.548775886535692,-5.429108155144611,2
-6.55794864977477,-6.712049787309127,2
-6.9245202212738075,-6.697608562676733,2
-6.941391391011399,-6.400668075189882,2
6.3398362108044815,3.0447128361756177,1
-1.8873876608355538,7.444061408307867,0
-5.930032619786782,-6.939524774548441,2
-3.282986822156323,7.7696314248869065,0
3.4590660209192565,3.087491378609604,1
-7.612660186675259,-5.062047670718122,2
-7.206644508761041,-7.093566372626385,2
4.683481282600555,3.6682207243714853,1
4.1467560138283295,3.416801687409546,1
4.728285722519948,3.450699764995994,1
3.135158462197099,2.7332256476303347,1
-1.9915386025836272,8.288542315044857,0
5.19539148257035,1.0544831724546375,1
-5.6790955326773975,-6.7397497234279,2
-7.48613057936701,-6.424205398105244,2
4.418625212642329,1.6963563840518114,1
-6.003580398621476,-5.407438917524964,2
4.174568379448048,1.8672213296365963,1
-2.8067611264127423,10.389992941509943,0
-6.971026748660385,-6.960988091141409,2
6.3668426874615065,1.5735334983261295,1
-3.4916850165910596,8.789652978201298,0
3.6240570172497044,2.034849533788704,1
-6.653865668039516,-6.86249634134229,2
-3.515215004552452,7.800097515410592,0
-5.024123876357007,-6.6558748487406545,2
-5.167586907133377,-8.627746103104208,2
-0.38704142604011693,10.04675138874947,0
-2.140524314179849,8.620947315870962,0
-6.406155292116042,-7.14775068417474,2
4.3318445520423605,2.752830216210072,1
-7.873489865986123,-6.459918050380955,2
-2.358778717909174,9.379247130664549,0
-8.398973266628113,-9.712265191386516,2
2.21563857595516,2.8572150803017817,1
4.696891961125186,2.2417619628039893,1
-1.9144432813874643,9.86770168697863,0
-0.35601516554119383,8.246938565310273,0
-6.562173929901095,-7.212969997658457,2
-7.59845957876,-6.135104280398665,2
-6.860808141410672,-8.051763940593508,2
-5.868164155742914,-5.538633677745065,2
-7.471983146803324,-6.756561897320364,2
-6.529827166583363,-7.884164190117956,2
-7.575322068348334,-7.7982365766925215,2
-7.571877520417166,-8.84903273569203,2
-1.68713746305826,10.91107911085227,0
-7.429742474087809,-7.027135016706796,2
-3.869053764032669,9.760539694225544,0
-7.074324487267952,-6.944297770384444,2
6.3723938357131935,4.204469830133364,1
-6.4129562091851895,-5.359103366116567,2
5.627213352817203,1.8972186602982093,1
-6.694916716370186,-5.942194055765292,2
-1.281528630579458,7.804645109507118,0
4.173842334359859,0.37846661667393655,1
-6.700932474340794,-5.650894808978896,2
4.7223185891626045,0.5156181844758014,1
3.640576603933191,1.4683947627125145,1
3.732122656081181,3.492453607582501,1
4.430855578942076,1.122649229731432,1
-8.78743474902866,-7.740494604055448,2
-2.381093208141961,8.333234470723443,0
-7.610583466866744,-6.1221877433523275,2
-4.115643943310323,9.217749764065546,0
-2.6204236844014503,8.110378486733534,0
-6.450286368349536,-6.500469944889981,2
7.260671927258077,0.8612026581665684,1
-2.5347516940441954,10.187015147457688,0
-8.67351968901916,-8.235557096388236,2
-2.573335969645743,9.343048538501805,0
5.836510322873752,1.36338677962135,1
4.837171101859308,2.284478357383617,1
-7.483607817120499,-7.109658248636293,2
-2.185113653657955,8.629203847782007,0
-3.341553196156979,9.485701684584727,0
-1.8109743094391602,9.407771513620073,0
-6.882031032070124,-7.469381245065253,2
-3.084835449290524,9.136295942843685,0
5.712856883994113,4.337042178560093,1
-2.9883718608980403,8.828627151534507,0
-3.4761737661819634,8.966574772056344,0
5.349330653367141,1.5376833133708887,1
-6.8075903298675255,-7.092318563177098,2
-7.029947651423142,-7.20680580646231,2
-2.152182137087703,8.32137653293767,0
5.672425040569759,3.0998748207683153,1
-3.5800901211138623,9.496758543441508,0
2.077545177432791,1.782141921340563,1
-7.622111423689654,-7.365415428643815,2
-6.147135088371468,-6.591385930450923,2
-3.3696109883367025,8.629730583968499,0
-2.591348801445319,10.131581959786452,0
-7.405506867046474,-6.702359487007915,2
-2.490763689987357,9.361867833559995,0
-6.429023778288731,-8.749925932808111,2
6.043248806353292,2.6710729564797595,1
4.30510350412156,1.5695212206987352,1
4.662344729040147,2.520288799115942,1
4.015533446514877,1.7886443262848823,1
3.5677398242424943,-0.9481807995538754,1
-5.3254667704364955,-6.0261336167237225,2
3.2159216837779563,1.7065173547063173,1
-4.925469757400984,-7.385856297537884,2
7.052494257841017,2.757773971838756,1
-8.033989859384254,-8.631938400027666,2
5.695935645294153,2.1964085980698917,1
3.7702157549534068,3.0986044683555014,1
-6.293461390758487,-7.292523411492427,2
-5.709428481954666,-6.7458130960281535,2
-3.7005011202553986,9.670839736832153,0
-5.128942727142494,9.836188632573547,0
-6.1482469385762775,-6.289687532024483,2
-1.6966718006585522,10.370526156769147,0
-3.033717889332524,9.50366068942624,0
-6.736578421272318,-6.030497604759733,2
-8.4123277510412,-7.076390244663884,2
4.505861669555184,1.987857878669929,1
7.284222183245136,0.4701993555455788,1
4.620618456493707,1.7102788547324643,1
-5.641973433639272,-6.500341957235051,2
-7.487853698596029,-6.516993965531423,2
-2.4333930648590236,8.337124416686212,0
-1.8548319666986925,8.958701457287868,0
5.312452537430833,3.873051618835947,1
-6.3462679464458205,-6.040641088757542,2
-7.159620493025749,-8.159140329495733,2
-9.075755012251216,-7.042233568755805,2
-1.750269033265985,9.2954775521677,0
-2.3956802778015023,9.67641680271937,0
-7.073896323129789,-7.63590109343431,2
-3.9077651968718916,9.577255364888893,0
5.152984634404184,1.7136230063568147,1
-7.60922966095868,-6.518692276002843,2
-1.7522090064073983,8.092120804020698,0
-7.741330261407528,-6.850078114111865,2
4.274926106685216,1.1339600166017256,1
-7.330786049560269,-6.328368793365026,2
-3.1610337308549092,9.061684799514737,0
4.664098292900859,3.3853902393561612,1
-3.4286218572865534,10.564220533215863,0
5.310359453469314,0.9013124509005765,1
4.422861785803731,1.6646868954849123,1
-6.73864449153921,-5.291482665232351,2
5.153786685887017,2.15275146588033,1
-7.251485073429936,-7.60857121495629,2
-1.5129308036056102,8.52052954503701,0
-8.428587716204746,-6.622133612054766,2
-7.381411383962802,-8.252575141160047,2
3.1960240200945593,-0.32301126919650613,1
-3.214209478811159,8.958517050540618,0
-3.2395642547698866,9.230744717780299,0
5.333357748142095,1.5811570440216025,1
-2.147802017544336,10.552322694664293,0
6.252099464483526,2.870008999806264,1
3.830275316306455,2.3972307284048218,1
-6.250097606929459,-7.684425352935939,2
-2.338332184924808,8.830302791845645,0
-4.714571123344667,-5.68956099893235,2
-5.517064338438818,-5.239495029787659,2
5.210491833447632,2.9413543444735932,1
-5.461095846003234,-9.367918249811026,2
-2.6592532100852773,9.139862581669865,0
-4.975490601578263,-5.254150677913883,2
-3.2631622119194263,8.733611051331549,0
-3.393055059253883,9.16801123414385,0
-8.711309438357297,-7.931419504915291,2
-1.6735055109876082,7.884579273540705,0
3.5233543962794425,3.2089813039476707,1
-8.196759111097855,-6.104081679432471,2
-6.577927182249534,-6.704573363697349,2
-2.4489674131117236,11.47752824068361,0
-6.208096019422217,-5.352078233888114,2
5.348093259484659,2.206385815204234,1
4.0893419867365175,0.7524572580265734,1
5.122127788908759,0.7355072616134342,1
-5.673632674604454,-6.1027022405114355,2
4.50243032160041,2.9260442311436705,1
-5.640043184709708,-7.276339271377706,2
-1.0435488541311961,8.788509827711788,0
5.605276320819272,3.2093004057469496,1
-7.2396664599082525,-7.608186691131268,2
5.393220457332633,2.3543280688235098,1
5.065766042421137,1.992317461356484,1
-0.7816544529520388,9.450609797872355,0
-9.409187268845573,-7.176717052345745,2
-3.4485330168715045,8.870198572476708,0
5.4649771008957355,1.1060394682298318,1
-1.7982376548492585,9.458549439684363,0
-6.269411021562048,-6.723136632307512,2
4.252748186438587,1.9277584660084939,1
3.712525702037527,2.211538666675517,1
6.6163194207435865,0.40892807222968064,1
-3.7313254319446956,9.72728455837071,0
-2.449567253132576,8.367349350492749,0
-1.4305167896214546,8.975777658697616,0
3.069002684159602,0.8464022150309267,1
3.741094787904973,0.6428560582017422,1
4.507245089845528,0.9986403792700905,1
-2.223332232327845,9.348742918185348,0
-9.032010735760451,-6.003653947773011,2
-0.8252699315948815,8.555401865329383,0
-2.4098653176235243,9.765673251570112,0
4.308570453044779,1.3609329494329816,1
-7.123011170526288,-7.179947789550827,2
-3.299672078498062,9.485754485334319,0
-2.376227948905874,8.31416531325915,0
-2.4534727107640557,10.108477646669272,0
3.9057050374496054,2.0551652403542926,1
-2.4449176039572875,7.936541350269017,0
4.213521240022558,3.121615393137487,1
4.753149246765866,0.5348917056233653,1
-2.4846874487938075,9.512284419443773,0
-5.684864329274332,-5.985462405702075,2
-2.1830646008106322,7.76317255181302,0
4.864563561979987,2.9057605158138218,1
3.340297599300504,2.8029021018199067,1
-0.7732338198875008,9.212196911660971,0
-7.5872530859732965,-7.59228345745199,2
-6.186771435333458,-6.145472047816616,2
-3.696796042082263,9.324106838425351,0
-6.5588414652185865,-6.686057649670072,2
4.320031312973257,2.1249276761894724,1
-0.914692559827778,8.167324779879996,0
-4.892566079451829,-7.411080491087911,2
-6.776189061843164,-4.8380335531322025,2
-2.426913633777326,10.079766503263674,0
6.444226946014845,1.7822658922134333,1
-5.4507694833377025,-8.354241725318053,2
-2.1655793334842888,7.251245972835589,0
-1.9591455240281983,8.045941673334688,0
-6.667053160519055,-5.853123329956214,2
-8.44112041359313,-5.376689764846947,2
-0.6625606270050843,7.944201361872171,0
-3.6924561357185253,6.975053950438223,0
5.049697493156614,1.7319120293221895,1
-2.5152685345926433,9.852776902649966,0
-6.144005193905524,-5.098310684504886,2
-2.9556312376032783,9.20837612109663,0
5.447001432865411,0.9996234842362633,1
-2.4751141547935243,8.244312897139682,0
-6.627058345154647,-5.495577545682041,2
-6.9750914382403435,-8.656355926742398,2
-7.743120796116204,-6.91131308221503,2
4.203492945701533,1.8635598800149011,1
-0.19453905637924152,7.147020935606575,0
-7.24093775311856,-6.944293754564766,2
-7.0033598712510265,-6.422303983350162,2
-7.711582108645722,-7.518392319804441,2
-5.12415149283578,-5.30708986806109,2
4.715312475129694,0.37120387204356353,1
-1.593795505350676,9.343037237858008,0
-6.382753600643673,-5.810338138292097,2
-4.867356745450505,-5.8564000471689655,2
3.292752546698405,1.0015556454300805,1
-8.315536715019798,-8.195925409703454,2
-3.177288076695799,10.006328477734845,0
-3.18558992511202,10.815226561109139,0
-5.550986362903039,-6.566925119410967,2
-1.8706051642753763,7.352766065929363,0
5.69182645395102,0.9751090566263191,1
-3.2655483683370536,7.592032418600649,0
3.1887031461765423,1.9610807360946774,1
-3.1598401921745776,8.527160744433628,0
-2.571876720325922,9.969428448699562,0
-7.825373251848051,-6.271863401590978,2
-7.659480137372909,-5.798124784026005,2
-3.4585965118846933,11.646668193035714,0
-6.373386201845344,-5.43280389388414,2
-1.9160963650843663,8.704739688884333,0
-6.444857126594379,-6.404678910749324,2
-2.949242109749734,9.145026705484415,0
-0.8220559879801854,9.895925885147774,0
4.459487154465694,3.3460181586172624,1
-3.2683302846064484,9.164679914674531,0
3.8520950843198625,1.3523220856896159,1
-7.269550897710715,-6.722056103355815,2
5.488309718433386,-0.2737196500438732,1
-1.5248752245761663,8.800297283972814,0
4.88063201571667,4.574852798121126,1
-7.337475577333759,-7.039471825421853,2
-2.528213830955439,8.011756763560514,0
-4.059861054118883,9.082849103004351,0
3.897408250530053,0.6531471727200262,1
4.175261538929709,2.1743293398135712,1
-8.09690988337175,-6.720647086471818,2
4.115790438293509,2.125524555974454,1
4.865186758269043,1.6036427551073738,1
6.313330926526638,3.31363073573108,1
-0.9296254773220378,8.491426101045056,0
-7.272679948212671,-5.878477768067387,2
-7.264649002864134,-6.497120608535019,2
2.1095913134817716,1.6871654620606211,1
4.081577082282071,0.8730154509690371,1
-1.8589964450940892,8.91511026441894,0
-7.427895986076347,-6.04677568149564,2
-2.5796964011118413,9.500787772024525,0
-1.8956796503223337,7.991493562999918,0
4.075631237570713,2.157720987137769,1
-7.0587204761674265,-6.484289812180023,2
-6.6543630739037205,-6.187386838159087,2
-2.9557125751197715,9.870684922521797,0
-4.534340209710358,9.200740442967751,0
5.6612621316575,4.061612456810657,1
-7.435173970638137,-6.67572056167297,2
-6.794417741517369,-9.87124556417667,2
-7.357272773755275,-8.135244965249342,2
-8.294894383075457,-6.661575550865001,2
-2.3133523679550687,8.035913350583291,0
-7.950479609835709,-4.968690506136223,2
-3.0666894080605838,7.644483148619245,0
-3.2112507169301026,8.686623981600555,0
-2.0691831729994177,8.512231903845713,0
-5.206084265994322,8.95999126168051,0
5.321930901940721,3.460415839276659,1
-6.214210367459492,-4.938892156812198,2
5.030343686156991,1.8699479310082359,1
-1.7975827449638606,7.889644036360455,0
-7.679567697853204,-8.788111730399255,2
-3.3314180186191815,9.257973339690235,0
-2.327331367994255,9.26250671449866,0
-5.509091047154556,-6.184906693191947,2
-4.956181396326317,-7.654724563294528,2
-2.015879722171861,9.199122251893197,0
2.7462641692743155,2.1864633913136706,1
4.017229474493649,2.1677771391779745,1
-7.061076260398787,-6.986446595807261,2
-1.5111875131930979,6.118030750004634,0
-6.630318595509541,-5.835021119191193,2
-0.8954863539941031,9.467820429712303,0
-6.010472598654373,-7.335649119299817,2
3.5671358104882946,2.2124165480518814,1
3.389471102258384,2.577685010296099,1
-2.2282057553177177,8.391586608377729,0
-6.9902925597086,-7.776751820591155,2
-1.8704674010235656,7.87128121546784,0
-3.490706274100701,9.476389602461595,0
-3.6054727099479518,7.574235245604029,0
-7.411081742510485,-8.447969018641402,2
-7.695002819467391,-7.946344525175172,2
-2.740132153261428,9.710492493011742,0
-7.79594811022469,-7.717030297072227,2
3.8174589038459006,3.0942003512652034,1
-6.421459076362572,-7.859830817992753,2
4.9386317445937875,1.2213786338455477,1
5.29032892876424,0.4700893821809138,1
-8.03297770174723,-5.742795050911217,2
-2.598933317339977,10.454403343647796,0
3.930298981478929,0.7146647732653975,1
-4.695530457770814,-6.309602384921431,2
-5.901205079123235,-6.357967047342011,2
-2.4121200737047097,9.982931118731212,0
-7.214764972322722,-6.5377717587863255,2
-3.155770507295277,7.932738124583928,0
3.0322178091100427,2.1579102628364564,1
3.5479449358327884,2.8634171847772407,1
5.380703181648227,1.4599561174691469,1
5.5369450331152334,3.2480447252194544,1
5.011984308834965,2.362328879608661,1
-5.615920513496602,-7.726425570741682,2
-3.4977887302036677,7.910696810982552,0
4.7237054641574625,3.383628829144236,1
-7.1771093920251205,-5.568125854702,2
-8.172768734909917,-6.307719282100271,2
-7.85499321842952,-5.576601661341187,2
-2.178317390838293,9.847815089807249,0
-6.336147812481177,-6.680299159557233,2
-7.164011840757779,-5.289527520658096,2
5.192178773907624,2.598800617586733,1
-8.275416393343756,-6.2887603515175465,2
5.151081435753082,3.3468282291036897,1
5.381974208237408,2.272462264347224,1
4.728536427189539,2.170485391346328,1
-3.9245683651031644,8.593640805432964,0
-6.9285243746253755,-8.285299440079521,2
4.90524118562773,1.3904110263291498,1
4.849538251502727,1.4815334983086847,1
4.963046550412883,1.8255670976420633,1
-7.831943571890067,-7.557104731734478,2
4.156817784544662,2.119962695926281,1
-1.4716576787948508,8.504269729343577,0
5.138100584724887,3.1133187224619983,1
3.058688134195968,2.8682079980168473,1
6.309783340579507,2.3678412137637133,1
-3.4838792932800717,9.801370731940775,0
3.64149339703981,2.2749615837601977,1
3.0861200702120373,2.7910593419657603,1
-0.18986808307105596,9.407603967592696,0
3.122005089547292,1.6161404831341226,1
-2.1674416472755906,10.89045696741421,0
-5.583564129369874,-7.987266410078398,2
5.076817005974451,3.1638159587270733,1
-5.866989781507199,-7.038263437648267,2
-3.3017183614854506,8.899549686731424,0
-5.008603337926322,11.305228700789065,0
5.068695336558674,2.666275291203876,1
4.4112789208880825,0.9788203093322198,1
-1.3414155613929428,9.268706971499537,0
3.63333627094846,3.1130482450697774,1
3.993914657103566,1.1739776772904784,1
-7.231041426865002,-5.316696234443838,2
-2.31013792747928,8.414069251039528,0
-6.910686124022172,-7.78979301025778,2
-5.289788212970587,-6.306038372381945,2
4.8294604528268446,2.974215776507873,1
-2.7641748404736055,10.518279116781011,0
5.336266283684817,2.9284748925112427,1
-2.4038221169067904,7.680260633280119,0
-6.413081879701143,-5.533883837073199,2
5.813003473814742,2.3428118761388257,1
4.616326685353863,1.7988154260378961,1
-2.399802828447857,9.740052752097016,0
4.745773289343336,2.5575826644132165,1
-2.3314966221194964,7.6789417694882225,0
-2.431829315405132,8.15300192687006,0
4.799897062080889,2.474952420108277,1
-6.379386721714701,-7.413709899715114,2
-1.1189900740354368,9.572096434550186,0
-2.1009448673382782,7.3117025239604825,0
-2.954700144453522,10.467670605316025,0
-2.9945611708818536,9.096160267584645,0
2.9564406440071513,1.1672996174445434,1
5.500352324587847,1.3900922453717937,1
4.413399944326574,2.34053519075691,1
-7.062777662204565,-7.236782727455818,2
-7.98448998421379,-6.65956816626208,2
-3.0614206673337216,9.647217945953834,0
-4.502933265624206,9.388342698045895,0
-1.686652710949561,7.793442478227301,0
4.035134171689888,-0.23239637315833717,1
-7.291450560114927,-6.74818162650399,2
-7.659826320268733,-5.549534689236906,2
-6.957070651877264,-8.075403356875192,2
-5.183904313340404,-4.982820898502835,2
-4.0931004465384735,9.77470078434262,0
4.319211210670909,3.768381039853054,1
-5.210557665324939,-7.822667599067823,2
-3.987783868832592,10.158040171405252,0
-6.734739358054379,-6.856206549990991,2
-6.276379690579876,-6.581951127285421,2
-7.277306884765874,-8.064140151498506,2
-6.511977898159849,-8.98013610092757,2
-3.0319206435717896,10.063295354035212,0
-4.4279688383517914,8.987772252749107,0
-5.778805792728665,-5.818738628402813,2
-2.2653969092815514,8.450207497461594,0
-2.496195731174843,10.46782020535564,0
-5.486172663626839,-6.169560490978161,2
-7.845291994674478,-5.250943228375002,2
-7.905996398817162,-5.650109020556797,2
3.6105073280460296,0.6204993980971976,1
-2.4393955380627315,8.628972531336563,0
-8.061501316572071,-6.43063568044364,2
-7.4149622781674935,-6.521655975066326,2
4.815090255136614,4.958428686544142,1
-0.3193946898350779,8.205987842843172,0
-6.037643495699143,-7.249316793723393,2
-9.809075881153538,-4.827137568774283,2
-7.704141352678944,-7.488699316515647,2
4.111262154478345,2.559533702695825,1
-6.194119452361066,-5.031500759979535,2
-6.845599780079038,-6.768736991435894,2
-8.086648839008486,-7.9554219863251845,2
3.2180681694862576,3.4745033358962187,1
-2.4226078355798504,8.858608892806243,0
4.660765324524063,2.2038705896594153,1
5.430250732279813,2.3132209785096225,1
3.160967267453973,2.1565296037198878,1
3.7523866584260013,1.5357113836173215,1
4.613473079269174,2.2533308427603385,1
-6.978721491392539,-7.482930249059908,2
-7.999173319534439,-7.2736394492456755,2
3.615692011898896,3.82726225027492,1
6.1110491637217095,1.763846006788866,1
3.744532513865077,1.5650688447805114,1
-7.066523349313255,-8.510582836991087,2
4.536624076079054,0.32998087278656496,1
4.151029414441827,0.8535522506517208,1
5.262085980271503,0.8343365661599629,1
-6.426118478596803,-7.862403627530626,2
5.259033097233299,4.03066515365243,1
-1.3460338708977906,9.02451918921791,0
-2.170701215558336,8.598998214297522,0
-0.5444724901363609,9.049549680170053,0
5.323207829039171,1.7638558643613704,1
-5.270846335416897,-6.051879903091324,2
-9.36795454456426,-7.538358005609795,2
-8.079324719516578,-9.196253456244824,2
-2.1380517496814413,8.410300941482502,0
-7.159437533528276,-7.844647388186138,2
-7.87477567300465,-7.0616127554116135,2
-3.0230645403894436,7.955072606309372,0
3.8047359345980785,4.062708405635505,1
4.983666717777987,1.9245173323702809,1
-2.9436938504850656,8.705114004729683,0
-7.085486622031611,-7.626687939816185,2
-6.621874651008519,-8.121870168757571,2
-2.3889019913408513,9.528724962257073,0
-7.095294828698902,-7.753070683729647,2
2.7633261301862273,2.592881129906868,1
-3.8038790987736557,10.175112915576843,0
5.836450337892593,1.814640110913762,1
-2.2587047727068734,9.360734337695298,0
-6.861610319106823,-6.407479247432541,2
-7.698055857093271,-5.347741868597831,2
3.0773329793415587,1.4441170065944373,1
-3.5304304401834634,9.722642575497677,0
-1.8273061334264389,10.860993453934357,0
-3.857383045158463,9.757550222221038,0
4.640406795084699,2.574376432869847,1
-1.5709138170767525,8.49824139998095,0
4.090321700319521,2.832757570920534,1
-8.055800527706051,-6.392549296189228,2
-1.6380729196210577,8.688262596030482,0
-2.2870638514190373,8.535537506534846,0
-2.7268788262799704,10.113062980185514,0
4.340202188221315,1.9229650668989873,1
-9.056692237594124,-6.7016329293905565,2
5.93687338278921,1.9503016216418498,1
3.5341741677421656,1.7582486536519966,1
-6.784282991709962,-7.143557809358196,2
4.853075464465791,1.221200352201913,1
-8.117053829373843,-6.770701121442976,2
-1.9223405292524798,11.204741754008301,0
4.410079205652908,1.1217632496804184,1
-6.844913442398708,-8.848613806714,2
-3.734963286055091,7.549911247988503,0
-1.6095977476194996,9.321585649074933,0
-0.06344564343592385,9.14350731017355,0
-1.3079837008888053,8.606210755176772,0
6.3894627404335225,3.3546237626312188,1
2.518023937219507,1.3653476968462996,1
-6.602268729186594,-6.90238857245966,2
5.237107054481486,1.0248216797165313,1
-6.6846022071231435,-7.638391662163537,2
-1.9655974684583177,8.643671796112217,0
-2.8295449312470704,9.43845207460024,0
-7.922204885821847,-8.052343346712586,2
-8.830729055189895,-6.736521656770787,2
-7.331576563063148,-7.669448098995621,2
3.809434429671536,2.4956837892064896,1
4.415022854420023,1.3231671031172723,1
-6.283186053569517,-7.51439544096535,2
4.320824900561483,1.177143827137243,1
4.962958109344131,1.7208161818144445,1
-2.3398367990166724,7.600571631293343,0
4.46402443179603,3.63463984966875,1
-5.698986278699126,-7.507423039227249,2
-1.9863621350172505,8.440586124259744,0
-1.4507731362031624,7.255546641775209,0
3.9052872594300525,1.1629172469263511,1
-6.626461953113289,-6.05976558066349,2
4.81322050059851,2.217122881849232,1
6.301138050775972,1.5160734273544603,1
-6.038892709021721,-6.672307085922633,2
4.660672543903509,1.2451667427115978,1
-2.5438825104395315,9.248500860734843,0
-3.789502021723645,9.886743456478468,0
-6.316746330976915,-7.759923946778001,2
-2.1768836110731584,8.26579959164177,0
-4.136740060935913,9.062371074859705,0
6.739600625394617,1.7261439831947354,1
-5.88404567714924,-5.176936983357908,2
-2.9685585225929945,8.164441758733531,0
3.548177960088787,1.586069981466331,1
-7.019024391814504,-6.140456441551275,2
-3.110904235282147,10.866564312707261,0
-2.7665741604760954,7.345702054320734,0
-9.786615410472912,-7.2549316498977525,2
4.270601696981898,2.116558151282983,1
-6.165017400514652,-8.930050871853425,2
-1.4178875024584812,9.6234242491055,0
4.381082773560999,3.5718168544454487,1
4.505570094757553,2.783977957100514,1
-2.728869510890262,9.37139869971007,0
-3.799158522793804,7.719207356134707,0
4.104550650274179,1.8826364016365713,1
-3.9877196134201776,8.294441919803615,0
-2.749523021210885,8.639465320648727,0
-5.687919694044205,-6.963827553125158,2
-6.086451502932593,-7.002166725397224,2
4.345911888563919,1.9015704320826652,1
4.022226940793751,1.6570968279136822,1
-2.978672008987702,9.556846171784288,0
-2.8308326742701326,11.091034111759164,0
-1.9402145438674747,10.642682751326861,0
5.153478942797818,1.4404688442788207,1
-5.814455225436884,-5.427492847789767,2
-6.186769606913833,-6.297538274467142,2
-5.6042364531522555,-7.031824026853176,2
4.428748597400407,0.9859901567895483,1
-3.8136671235576034,9.683958677028361,0
5.058277057116785,3.3747682768871616,1
4.47275712244169,2.2557496344290318,1
4.51893068762032,2.39270212784776,1
-7.466158460715206,-6.655893188985154,2
-1.585170603845849,8.829383991755334,0
4.934102965241595,1.73876188362441,1
5.589432971669425,0.4882717154908285,1
-1.5029048138383097,8.437394258675175,0
4.847146165627045,2.0425140209769825,1
5.016288362325618,1.0711181295832217,1
-4.793580141614156,-7.8948690864617985,2
-8.963740130649859,-5.155412943514838,2
5.418239912394739,1.4219839676121986,1
-4.287917871957029,10.510330439687506,0
5.079380066848328,2.752106187452846,1
5.195483302231549,2.062750365195981,1
-0.6434231119079936,9.48811904911011,0
-6.435428863860598,-5.778786635540184,2
3.9708060975681847,3.0130743713368084,1
-6.490648461799086,-6.6286359843354346,2
-6.485829892935018,-8.807782172621557,2
-6.722933462904745,-5.856578949090602,2
4.449839801226607,1.6157242611303049,1
-6.587434462824897,-7.067438611682321,2
3.8670011684044923,2.380221971065267,1
6.252157094216747,3.2880841375247796,1
-7.828543711976107,-5.132746395360389,2
-7.267327107559831,-7.29372525890559,2
5.509034900617374,2.8604605212074743,1
-1.4773530835841153,7.528725755161352,0
5.699815220274723,2.5901756335174295,1
-2.3869001200204663,9.55758415723471,0
5.67899062364837,1.897405397405272,1
-7.052428928547735,-6.108189438439272,2
-6.388419525739273,-7.238138973022933,2
-2.525620519125502,10.202679401646407,0
-2.22922899673293,7.888797080899947,0
-2.851885217133099,8.642845262202531,0
6.632394189396219,1.206513096157384,1
-1.3297575023314632,8.545110476093619,0
3.981762347152845,1.6694436551640672,1
-7.460275493705221,-7.491494840664575,2
-7.002336124746995,-6.786737218999296,2
-3.3346948198452617,8.69290028654533,0
-6.453783532521441,-6.4619038373879745,2
-2.7226404939829583,10.505012265048276,0
-8.032959594357015,-8.567453940386656,2
3.27300013781268,1.7484042820480485,1
-1.5587737848667,8.437382472535921,0
-1.6395917029470901,10.369923987003274,0
5.320094941678551,3.1656771964187067,1
-7.70356267812327,-7.599219044725133,2
-8.719704935657022,-6.912390204325417,2
-6.806430200149576,-7.030352582074206,2
3.7922449076090166,1.3210807953476713,1
-1.651537999850731,8.854347598234897,0
-6.960226940448031,-7.713165650276705,2
-6.943704955299987,-6.343818683758757,2
-2.3949699743907105,9.1645878896602,0
-2.2421473571834913,9.903916923821761,0
-7.262444380764239,-7.003838539550783,2
-3.186119623358709,9.625962417039192,0
5.16100126460744,2.6183852698907892,1
-6.326478034772061,-7.428309891442719,2
-2.437631385833358,8.536628681433207,0
4.059825594858058,2.212574184476109,1
3.5284208792910694,2.219674462372737,1
-6.827368700653787,-7.9407146596725475,2
-6.918934478778901,-7.014606377677679,2
4.947929375732204,1.5815211165189411,1
5.95018758234771,3.368853494730688,1
-7.168175887026975,-7.663863114400375,2
-8.160082762153737,-6.690629772054866,2
-2.035959998479205,8.941457215541451,0
-5.750464963121823,7.989898486864034,0
-1.8637134419116748,11.177540851503784,0
-3.1826882472966185,9.293280290422125,0
-2.9841429342137062,8.36095689562461,0
-2.4810164656836218,9.00516713155412,0
-5.850169709552913,-6.007794213247497,2
-1.3141509941279077,7.491099223414548,0
4.409012462383332,3.4264303472617668,1
6.440390017738955,3.212116036880169,1
3.347616141122483,2.6628774891859264,1
-5.626784556723786,-7.328334209576096,2
-0.660241528107405,10.14085115774608,0
-6.347620992329327,-6.5184485320289305,2
-3.080376612835547,9.586868909554482,0
5.095766608309709,4.138172028841816,1
6.37877850002568,2.9520277347225274,1
-1.6887154418553858,9.521560159305622,0
-7.554561209941823,-7.283185582340978,2
-0.8767863191211149,7.584144750237691,0
3.1142225216580064,3.235753787367914,1
-2.5450236621627016,10.57892978401233,0
4.706869553452973,2.4891089016448316,1
-0.62301172184222,9.188863941030162,0
-6.064126168707007,-6.9281981006067195,2
-6.836112522507804,-6.32197007875744,2
-1.3506020440453461,8.193603809846612,0
-1.8568747446393306,7.4378939712140735,0
-5.790857536934598,-7.256410318200943,2
4.274557284915993,2.1578499898056402,1
-1.6140044030250178,9.649457929880294,0
-5.90181164146507,-8.985756535116272,2
-2.784249320204394,6.712364963462738,0
-5.656544124055945,-7.1389639936457785,2
-2.534224581797894,9.83205242739861,0
-3.2111893108595058,8.351385210647376,0
-1.5551958595595479,9.665677379504121,0
4.285838125287078,1.399567911043831,1
-6.506278631439872,-6.567731382809375,2
-2.187840407602477,9.436206882433607,0
3.704440134183506,3.059151800115764,1
-8.229203402702803,-7.295323361181218,2
-1.423302057221172,9.488984361078277,0
-7.869584983703284,-6.915117203282183,2
3.7618962494715404,1.1462893299008718,1
-3.5464437773792064,8.823947450114716,0
-2.530099217016898,9.131613511507105,0
-2.2493148288043265,9.796108999975633,0
-1.636876986332072,9.197628133936675,0
-7.289313783780767,-6.167787433695785,2
-8.37864315160967,-6.971954357610902,2
4.560237444982386,2.425541480190466,1
-1.0886933750628953,8.443539834448847,0
-7.334174909894714,-7.098762870710982,2
3.9641707570664897,2.0073221014287568,1
2.035664979600967,2.1721178307372266,1
-6.834404482151288,-6.828911691394861,2
-2.6704833347187593,9.418336985012862,0
-7.245133128136536,-7.031408813508469,2
-1.5901211400649817,8.724011584009672,0
3.320631641629334,1.770189046545075,1
-4.959259689007009,-8.10300461283151,2
3.4981897220945966,1.779510224661014,1
3.6259828839355634,2.058856845344091,1
-3.12260028659369,8.711816441710194,0
-1.8964237179901806,7.960870565024667,0
-7.345432760269433,-7.030947304842642,2
-3.098562379996962,9.863888225219348,0
5.076438640385769,2.8771045250269274,1
5.944219079106254,0.31067769590505767,1
6.123994864764066,2.328783032726392,1
5.295779612757863,2.1679058786595067,1
-1.7707310430573397,9.185654409388293,0
-7.405875047668691,-5.491771815067499,2
-6.992755243667011,-8.17932595672177,2
4.095764834113909,1.8103767778684379,1
3.4697658101687416,0.1711892463607123,1
3.4642842306032495,1.0780998416641272,1
-1.9793934451374673,10.455854748856224,0
-6.410359601342744,-8.415681716483052,2
4.920515240718238,3.7317901681358654,1
-6.21492444581816,-7.433030430643249,2
-6.021612995849125,-7.708305866241181,2
-8.957439011007466,-7.200407397812588,2
2.5042046222494054,5.110918217600727,1
-2.4273682645051853,8.915396475007181,0
-1.9872560574358524,9.31127080143151,0
-8.252486642632334,-6.528629692923745,2
-2.857849757460609,8.665028423879894,0
-2.2418053089808474,9.335983934394337,0
-6.830318859631047,-6.11126991730705,2
-6.683495732127363,-7.784177883011948,2
-0.8437231785901735,10.028656193216454,0
-4.597975354612427,-7.497751270209643,2
-5.9193223948698,-6.417625969209093,2
-8.246485554432097,-6.287542319428616,2
-2.2642310519440274,8.507342952827194,0
5.635926522033918,1.2163745953712712,1
-7.58864814878176,-4.926850455749379,2
-3.8536481340870274,8.095634181714125,0
-6.93203164172874,-5.176004077020456,2
-3.3987120526782735,8.198475843232885,0
4.317198997385965,1.7223366674856846,1
-2.1779341916491863,9.989831255320683,0
-6.967062519928451,-6.331789965721447,2
-7.363188674997807,-7.492276510430767,2
-6.544569162067153,-6.563953636093168,2
4.508406240556433,2.7992168553822383,1
-3.0828596299329867,8.46742718695793,0
4.820900394931808,0.6763377359848854,1
4.5397247597481485,1.7694959337637661,1
-6.704340412217347,-8.216835032151877,2
-6.8383015588806515,-6.437107462828571,2
-1.723397464401918,9.439743689983288,0
-6.598617940869464,-9.012705219430783,2
-6.650552502945567,-5.805791580560385,2
-6.973014050051218,-7.409441705724317,2
-8.944710237407591,-6.851652012092788,2
-2.6944852819304583,8.884465428464898,0
-4.607192470704389,-5.9910724709960546,2
5.604730469325559,3.5887525074889637,1
-2.5441861135497117,10.785086763833833,0
4.893618497722675,2.440862855706165,1
-1.0057993212855996,9.891648418773995,0
4.044217542184609,3.3476077771115493,1
5.825582990891098,2.692122994605799,1
5.48805304889477,0.7406463691722229,1
-2.2194227661563373,11.089686926843761,0
-7.292625013294704,-7.806807902123257,2
-1.4036716900947663,10.201316433758704,0
-6.0967534562026975,-7.3112351628510455,2
3.0323189718591275,1.2104449053745179,1
-2.285283488988089,10.378426558172167,0
5.92152263123187,2.5308607446658566,1
-3.0541167098616997,9.413422242550395,0
6.449185185961212,1.7551237885483582,1
-8.583498777977988,-7.804575581405501,2
-1.668554074064026,8.361662148895933,0
4.391187710044554,3.5805152599607246,1
-6.584002702404175,-8.396752142696737,2
-7.844332616901985,-5.2516410385036245,2
-8.268169744982481,-8.480380697779657,2
-3.3489194652335263,8.414893482754302,0
4.19255694056935,3.2541860456758447,1
-4.103625281847117,8.41491110524455,0
3.9552490104680973,2.7637952831035006,1
-3.0264860731531225,10.423633568383902,0
5.007360501702406,1.659639997768334,1
5.740838471226672,3.931517138161326,1
-4.394437274472379,-6.615334282297967,2
5.64046115427108,1.3025494748640871,1
3.9820442823759645,2.827694911007348,1
-6.200484415713075,-7.182155092765811,2
-1.9117975532028921,9.715458870509222,0
6.635546326012066,5.083088239946093,1
-2.2598139393419947,10.591739407961798,0
3.469962000517813,-0.8990925293409173,1
-8.149688279863302,-6.593153738974238,2
-2.273583064944184,9.78515132208529,0
4.936454381368863,2.4363544792083163,1
-1.8014456875972749,8.451819352304057,0
4.466932776304678,3.6848781640830754,1
4.834263137805437,1.6200033911300435,1
-5.921241371309228,-6.828448616424867,2
-3.2220434057299148,9.12071635589022,0
3.4459538298290457,2.116112778704439,1
5.700088743726981,4.732829722851809,1
-1.7181656760097033,8.104898673403584,0
-5.773726766793962,-7.44405708133419,2
-6.293722989986621,-7.616879729223569,2
4.210634415929439,2.5617229537114516,1
-8.568810229118531,-7.351373333978466,2
-2.7617657744459105,7.766502946233474,0
3.1175196500102103,3.0858580589306572,1
4.869949595419503,2.470912773032126,1
-7.29184793617574,-5.96663586125854,2
4.442540415920775,1.8218964002872202,1
-6.996393106946517,-7.51566743468035,2
-7.222176392009035,-6.709645822279375,2
-1.127038632015223,9.662996015787966,0
-4.660846957703136,-7.039154803675998,2
-7.055191136650485,-6.21145478851804,2
-6.5004740724251455,-5.649887417625159,2
-3.498802443311331,8.888499208098676,0
4.063368435501382,-0.6178726082041779,1
-7.218749470421309,-6.510048478006991,2
5.6156955555728105,2.891624127883146,1
-2.6609827180883334,9.6026033346829,0
-6.192561395292354,-5.4135687339973435,2
4.5123297158505675,3.4843246141880795,1
-7.795901291714995,-5.524666792170451,2
-3.1219863135371364,8.62658456826234,0
-7.3668301123461974,-7.232030911092456,2
3.7341465353654826,1.3194033452919123,1
-3.2363347988776185,8.766767492646819,0
5.609336036754838,2.4003640458124167,1
4.371348188322269,1.0819774585254445,1
-6.5454507739063725,-7.035368642100695,2
-2.238740797272911,8.964048018749187,0
6.104056074980539,2.97002845740654,1
-6.1228385111642885,-6.267640799262344,2
-2.120619018521786,11.507285645631114,0
-8.041411035063634,-7.163248490019714,2
5.246601895364284,1.789973065220344,1
-6.479145804644942,-6.749044407060098,2
-2.7682397688734532,8.817936279113345,0
-3.898770089816346,7.368887381241431,0
-2.375656718270468,8.86181629181778,0
-7.229066518368226,-7.652678342032187,2
4.634282817399055,2.6419113395332445,1
-4.024388685251302,10.381160395642848,0
5.275296866437328,0.7339112890872594,1
-2.3080985763377826,10.064940524205936,0
-6.1975577010886385,-6.75393168961398,2
5.030574757156246,0.646697555629649,1
-3.485070876030083,10.067927924806163,0
4.9070054872395845,2.4818947071706656,1
-6.995856234273228,-6.665396410105421,2
-2.151410262704467,9.575070654566558,0
4.707734346755505,2.8259433590629515,1
-2.68182492299357,9.897946065684996,0
3.9905057979066756,3.2944737162137443,1
-2.251647232329986,8.939840212432156,0
-6.97625086116616,-7.296076521223306,2
5.439820738170152,0.3568590755041441,1
4.991327043769684,3.0433199222571594,1
4.210576611710842,1.280748704066876,1
-8.245451346566709,-7.029078903043244,2
-6.254119174320234,-5.9948781102869555,2
-4.201662252767569,10.543836447658936,0
-7.549742391605503,-5.708391678559787,2
-5.8112478574572535,-6.275988703687428,2
-7.077564920135952,-4.8122032551123946,2
4.226413675104825,2.233450190523618,1
-7.404289598218073,-6.386454745632796,2
5.878161907661737,1.9944412606767936,1
-8.697606416538425,-6.120397297791778,2
-7.389433884342153,-6.845668581570106,2
-1.9941499367467024,12.867017618853044,0
-2.7549406871386943,8.741562558450653,0
-4.8643520806906295,-5.5894651323534,2
-5.203234163943067,-7.825616473218678,2
-0.8366252362150468,9.433305137564368,0
3.9314720693176386,0.45945529132790486,1
4.311984119715183,2.128360367799711,1
-2.216125149754069,8.299934710171955,0
5.039566787980743,1.321812790148903,1
-6.458081107614709,-6.613291196980545,2
-3.227641844305186,8.800838976486476,0
4.551515877022766,1.603158654058604,1
4.438387302280583,1.966648368711274,1
-7.399023562977397,-7.2210174706220265,2
4.967700009071186,2.8974398234785617,1
-3.272456779595267,7.209404027533804,0
4.103915391114054,2.781227482221877,1
-3.9167093177705716,8.236469440607449,0
-2.1850312705643082,8.88414307383064,0
-7.329640049147084,-5.622960376413374,2
-6.447364240517114,-6.410065405907744,2
-1.9494071751217104,10.095066853752945,0
-2.7173198734100255,8.52128519353949,0
5.905586677092802,1.1069948357262314,1
-0.9436735938184098,8.948535867125335,0
-2.4636257831489363,8.362685780592507,0
-7.718212989598501,-7.766790515559404,2
-5.630122290445112,-8.212886990755596,2
-8.536250398829043,-7.404557729538599,2
-8.251300888381737,-7.589550595703493,2
-2.4416694183648264,7.589537941984867,0
-5.3167384226430725,-7.154102675105251,2
-3.8868669910098412,8.076461088283201,0
4.613357576979041,1.0912950327130138,1
-6.523958242588041,-6.688532197081857,2
-7.408604899215286,-7.936667236036199,2
-2.684157379748159,8.258540968705478,0
-3.0489573033621116,8.23598140279601,0
5.124611653522576,1.1268130289498584,1
-7.929767930753416,-6.1226144439384615,2
-7.065472943344017,-6.570110610110392,2
-7.8963103197277675,-7.124190066950148,2
-6.005110117018748,-7.529874820124213,2
-2.147561598005116,8.369166373593199,0
-3.282022837590322,8.777467521458314,0
6.059481840741738,1.3727461182020269,1
-1.5735192299052891,10.285841223192483,0
-6.925139436452512,-7.3043459266739905,2
5.590186428201677,3.6837830565226573,1
-3.109836312971555,8.722592378405047,0
4.41339473737827,1.0137304472172524,1
-4.9808421231800395,8.217390872727847,0
-1.675275468503846,9.47346620742676,0
-1.478914169020908,9.253075287224837,0
-7.167074710551626,-6.592780688872938,2
-6.104471697116487,-6.327069507423588,2
4.557198150385402,1.8514221755574485,1
5.20079828416934,1.6776893659115717,1
4.450758445451068,2.8948197958651916,1
5.615076466010531,2.474263853880577,1
4.808533508194829,2.415110333510141,1
-2.637115214533517,8.058745687597897,0
-5.480032546005477,-8.222237341761062,2
3.2622613354738643,1.4083956797697899,1
-4.981860174405293,-7.828002310544933,2
-6.184224716600971,-8.021118103028686,2
-8.65069574423936,-6.408567212857741,2
-6.397560463815884,-6.511376445958427,2
5.106308818661628,1.9375282016432485,1
-3.9118028948524435,10.763862871385262,0
3.053895523990143,0.09324529880168697,1
-1.031303578311234,8.496015909924676,0
-1.8767898839972292,9.986840577825053,0
-9.627132033876505,-7.379839769427577,2
5.593015470141347,2.260293849142556,1
-7.890225411080184,-7.3953279870841895,2
-6.438320039452024,-7.6132657903859435,2
4.671882985293868,1.2197518135945487,1
-1.6788618065085046,8.158202302289457,0
-7.410841485758868,-6.396232942087907,2
3.394161459781717,2.0281037949405807,1
-7.115597178362242,-6.135923882960912,2
-3.090878537001394,7.999529397505457,0
-7.463226517497275,-5.84173074225663,2
-4.102191356584419,9.454760866158722,0
-7.209074977498362,-6.148238888987652,2
-2.422150554814579,8.715278777732456,0
-6.806946666821929,-7.291602737838127,2
-2.5439093927579934,7.845608090578791,0
3.2940079127548865,1.153911824219234,1
-7.181807778133892,-9.483246681103246,2
5.076617387961611,2.3774644389024293,1
-1.109842186466748,9.938919811111091,0
-2.9968038471252436,8.581727940378702,0
-7.476601477872344,-9.270413960745385,2
4.641084311590325,1.1560810528725414,1
5.384070807728039,1.791945510722629,1
-2.52771075904514,8.725627489278185,0
-1.3510867495526824,9.805948822161259,0
3.7180190231027885,0.9692123118592337,1
-3.4172216985739614,7.601982426863032,0
4.104077373175803,0.26581172634778527,1
4.626041090133864,1.283441909876558,1
-6.374037949315396,-5.390996484947657,2
5.7256651611674485,2.0711528374116273,1
-5.402692765032995,-8.047889144543882,2
5.299124504660506,2.91073982156729,1
-2.9534908831288615,9.391586621243174,0
4.584984835611815,2.258723758798389,1
-6.240967022508167,-5.821991268188796,2
-2.480879246922291,9.044042267694067,0
-0.36525353372742453,9.648205150516334,0
3.9963606058479586,2.901009812021969,1
6.52446514216271,3.516413212212921,1
4.541290703943839,1.9920193068855796,1
-2.5171702643693674,10.49423026708835,0
-7.87298589073322,-7.895988420265925,2
-2.1272621708211967,9.444327775389393,0
5.319252119184605,0.8243756487820759,1
-6.017991066653326,-6.741049194622529,2
-2.480452800117933,10.292737990805621,0
-8.898115055539908,-6.735045847316565,2
4.410488092160073,1.9296927341268695,1
-8.955215200229803,-6.96617928606684,2
5.219512009441677,2.2989660005228982,1
-2.2130773459881743,9.275341400378213,0
-3.5108176329476657,8.73318583531237,0
-6.368127615789409,-4.944955553215718,2
3.8216799528057943,1.96979522652978,1
-1.950870710531028,9.090291519610735,0
4.830514427493126,2.9144802647082155,1
-6.820642969561673,-6.433237092473249,2
-5.843539540105014,-8.30308451853762,2
-6.638305256234489,-8.031123676895454,2
-6.3448098548053595,-5.651129090786885,2
4.459398922637476,5.166277251785592,1
-3.7188923658938577,9.614214858194527,0
-8.749368890846691,-7.268630368458956,2
4.163657962683443,2.8475588646534593,1
-7.768868019379594,-5.9248090350381934,2
-3.1606156266671985,8.530400294144002,0
4.8083398124977155,3.290767219548692,1
5.5616803382053535,2.4558575711499446,1
-7.842359756435882,-7.086720872971993,2
4.3609159058962925,1.6934095154448976,1
-3.5220287433871738,9.328533460793597,0
-1.6956804056830803,7.783421811764368,0
-2.3605301658506384,8.677200157080284,0
4.010615442535313,3.506897393857231,1
4.923166707774244,1.7142647102366546,1
-8.076415837577581,-5.986411903886836,2
5.306191337137314,2.435760976794683,1
-1.0084378324184393,9.864507870311817,0
4.248120687184279,1.0507594994422296,1
5.305803088282563,2.3947562945551875,1
-8.08177671722736,-7.275790305032211,2
1.9366465432288642,2.6510450034716397,1
4.093198751640836,1.7015145736146788,1
-5.554195082056191,-8.286924602773485,2
-1.6391298923639963,9.509968016170928,0
5.929631590310847,2.6463510352106905,1
3.460839045068299,3.1608490724022955,1
-7.404194204918321,-5.527906914408803,2
-0.8805820774814583,7.634184669983432,0
-7.293232724572914,-4.992421935935757,2
-6.7815596516123255,-5.584237811412932,2
3.9983919271837918,2.461041968811806,1
-5.788765520547572,-7.343049105301205,2
-6.22465160692958,-6.069310947684237,2
-8.16679075973552,-8.277227778388937,2
-3.327418306286223,11.106673403883784,0
-6.471019883449503,-7.187918064414831,2
-1.8506533503799196,11.024490666964674,0
-2.9293844401486075,8.732501519337816,0
-2.597479671404005,11.593995465852641,0
-5.382195507971644,-5.022407249738214,2
-7.370780938293374,-7.1649850866456175,2
5.0496416321875985,1.1120817737671616,1
-0.4208229182720227,8.87469650004315,0
4.028109745322816,1.93613288689232,1
-7.97179082386936,-6.045358266951064,2
3.918141282890848,2.14999055608013,1
-2.804147301344778,10.262028200872058,0
-2.581207744633084,10.017819026090347,0
-7.614930651833222,-6.1586302695186035,2
-2.5752774217000667,7.803269928435867,0
-8.394097500332037,-6.558516381936708,2
-1.5830200755211088,10.923702768668454,0
5.746959505515074,1.8527885199871337,1
-6.200680203389037,-7.6925119422133665,2
-2.3224308585756717,8.258903195845,0
-2.9592630945319938,9.637136060545823,0
-2.5561182019319344,9.491326955421444,0
-7.918171011995242,-8.511385408736892,2
3.644063441437872,2.6243059257643893,1
-1.970441630606381,8.093612535118957,0
5.553463462461351,1.1699907332603872,1
-1.901301113336211,9.200895251354682,0
-2.201395854160691,7.304117735541698,0
-6.991136018294214,-7.685076074128507,2
-1.2037188158984211,9.035289969831082,0
0.017734802820871476,8.483417355278002,0
-1.7619040179294885,9.624656393631788,0
5.663941362039564,2.565696633141915,1
-0.4484496981707631,10.769626970641529,0
3.2335613725562675,1.8900641113120373,1
-8.269849116304734,-6.722348153982177,2
-5.946499118810201,-7.102830294052554,2
-2.5040841664102893,8.779698994823177,0
5.336833240738837,1.639350194184722,1
-5.692892570973939,-5.443774187569968,2
-3.5743112861281228,8.709061423843655,0
3.723686920746859,1.1413474757102873,1
-8.562285885273957,-7.904138184162326,2
3.4504669433607735,3.615842637196695,1
-1.9326406599969839,9.32553628274186,0
-6.434853383319675,-7.7057632760780885,2
5.46935367815985,1.7793435451679285,1
-2.125132174113443,8.98159138010423,0
4.375363994917491,-0.03069268046602147,1
-7.586519759138619,-6.024553934255234,2
-2.5836310521527963,9.634958225749001,0
-4.907085014361462,-8.266097535674945,2
-8.422428706360916,-7.5128646231609855,2
5.043608926564711,1.9489740775498159,1
-7.98329701968164,-7.210898817603504,2
-6.871747006456542,-7.20572064542445,2
-1.459644907733415,8.479050916637755,0
4.0936343879756185,2.3649736893432785,1
-8.700230491699788,-6.610052234884525,2
-7.473438599219975,-7.045741003593579,2
-3.053580347577933,9.125208717908189,0
-6.730263708880081,-6.515969297221285,2
-2.6215256727435796,8.7933165286651,0
-5.144690615314461,-7.7368816871027395,2
6.132567405187623,1.7020460828981632,1
-1.124924804542232,9.578195248250683,0
4.811718176021633,2.526420903925516,1
-6.738370051063807,-9.010676073083147,2
-2.730161796882414,9.041171967192854,0
-1.2422864738661274,8.306616662579543,0
-7.603617522893879,-7.075499944452971,2
-4.608177445728474,-7.284507016459908,2
-8.148957687697969,-5.177594935146341,2
-7.22605369715817,-8.491676952378775,2
3.4007717605742007,0.505644418188292,1
-4.547322158230604,8.006199817280919,0
-8.346412381766948,-7.381511740161583,2
-6.5434822281250415,-7.107585853229354,2
-7.690628054780115,-7.99415604343794,2
-2.465386151073641,8.867284126569835,0
5.097159240843342,3.4289920060874985,1
-3.7700815773877956,9.9321480752531,0
-1.7875255590095152,7.885234356981094,0
3.552632897365299,0.8873445550555465,1
-5.929611362481625,-6.637104871221547,2
-3.7530608584440355,8.321380930402416,0
-6.52712222279439,-7.450460959689627,2
4.416676581593296,3.4630331225428144,1
5.526766226325401,1.5524078902596787,1
3.854980523145861,2.6214501177845912,1
-2.9698363940125376,10.071408354417239,0
5.440288361455784,2.7274610137543065,1
5.139563946531036,2.4451719548600064,1
-2.45098890460675,7.8713158303677,0
-3.1207154260446983,7.607625031350101,0
-3.6155325970587784,7.8180795041176525,0
-3.571501336778855,9.487878558833504,0
-8.41466743868363,-8.76011962718371,2
4.9024401652300265,2.1667595953082768,1
4.479746040661461,2.6445097603911973,1
-5.900737632594491,-8.251852722539452,2
5.078354575037829,1.992786341634722,1
-2.617957771509608,9.415997850297265,0
3.9451657051390434,1.563887245827628,1
-2.3171485065627184,8.705169663995822,0
-7.276822507297258,-7.982379333731802,2
-3.2135413135955093,7.605824831834764,0
4.1610413802196975,1.1103939198976114,1
-3.7896269755490333,10.769080310182687,0
-6.388197738431071,-6.3103492360772995,2
-1.6837812740647204,9.827795764198962,0
-3.494923669388294,9.518332643716167,0
-7.279526253282407,-6.6108148406952125,2
3.6682221016868155,0.5935515191518017,1
-4.034722793977489,8.32237805831708,0
-6.560102520368314,-5.226492324783662,2
-1.4010148063152337,7.974380201072792,0
5.211936277942246,1.910978666941421,1
-2.753354258343399,9.97837329648668,0
-3.436128094630833,8.954760772136524,0
3.9936515263842987,3.748480576550244,1
-6.166915162289939,-8.76325980133453,2
5.204484762121702,0.9535053452486164,1
-2.44472320824263,7.038819561844452,0
4.088020690335655,4.531368969608984,1
-2.2851051412423335,9.026878528980118,0
4.654151904064536,1.019230264544087,1
4.6125742967181695,1.039901724867536,1
-4.065826796576654,9.620296079543962,0
-2.109974500447471,9.661482067901064,0
-2.521444395899665,8.117031756712493,0
-5.301509133589086,-5.894659907660728,2
-6.557544880384285,-6.891201597224549,2
-3.039455241425191,8.22141329593598,0
-2.773854456290706,11.734455294787942,0
-2.7545857390556208,8.260549963840834,0
-7.736125428560469,-6.782439216527611,2
-5.726036847834344,-5.493760196013103,2
-1.9726877794823467,8.115818146407285,0
5.480498862732654,2.5199032521421114,1
-5.212403079600134,-5.356870971563689,2
-6.974085905593273,-6.460499621251828,2
4.597055454916527,2.0311924187491273,1
3.024747020322592,3.137909038397903,1
3.84745891522814,1.6652081543016917,1
-6.928656531989307,-7.040469674320777,2
-7.102102087929535,-4.833247397556389,2
-8.010242526088796,-6.257398369375678,2
-6.6468404482111065,-7.636873570291873,2
-3.134016200748429,9.040377178409157,0
-7.250209953552053,-8.228156705216113,2
-3.612564229226624,6.8613955352458404,0
4.672675831639688,1.2146743492406626,1
5.344385376052824,2.7622263713162507,1
4.469694213703173,1.5199416346134569,1
3.42870690694732,2.7039338030072564,1
-7.009144438014711,-6.300252307980815,2
-3.5902541634610126,10.067438981531227,0
6.6960859661684236,0.8699613182190489,1
-6.86712786924402,-4.011706537609179,2
-3.9572115234689944,6.815480171578241,0
-7.611258930059798,-4.989668908120164,2
-1.9252694377267863,8.654994037411264,0
-2.9768988243646417,9.360790009929039,0
-6.455560329632819,-6.840662545035207,2
-1.3026886565443934,8.197350457211087,0
6.664188459514953,0.6099956793479215,1
2.4280169248985946,3.5066033852370575,1
3.607354932700562,2.371096733887541,1
-6.944315796183788,-6.807235495260432,2
-2.580798882466814,8.977063891688482,0
-1.885077806000595,9.642631637462603,0
4.175474573918714,2.4352305771926286,1
-1.0580540152577085,9.97355695428353,0
-3.170984087821138,9.866719462994547,0
3.7361769754979735,2.2975289656623348,1
-3.1347603245622797,9.410089661635732,0
4.059355386423379,2.5617480883613415,1
-2.284745804492778,10.061384430810477,0
-6.464761690789359,-6.41682106315784,2
-2.1982900574547455,10.489642345147875,0
-3.2951870835606996,7.683053174640545,0
-3.317691225945938,8.512529084613787,0
-5.796936137264197,-7.351234245093825,2
-7.7139502366428525,-6.116079811703087,2
5.261450726084152,1.603559347897098,1
4.725196978793125,1.1649039622998056,1
3.8398402718304547,1.909645109325377,1
-2.3008148151051975,6.972551259774033,0
5.0998509791672175,1.2954543141886259,1
-8.144125598106235,-8.673216045810523,2
-2.5862993324668544,9.355438103014967,0
-7.251946244089193,-6.442796406236986,2
-2.548752776909405,9.695786825570949,0
-1.9185427923604408,10.122989708781231,0
-3.0628469283999324,7.816408235609475,0
6.255254525697543,1.650849214729392,1
-2.998637065570972,10.058447005267395,0
2.8612912522215845,2.292821509859709,1
-2.432375731992495,7.731293904009753,0
-8.456623673342268,-7.682934037226789,2
-3.9572819645500745,7.606822353821768,0
-5.6961335242613425,-8.058150460652328,2
-3.2924509153889874,8.692224611992648,0
-5.236249035346736,-6.519461701840152,2
4.037666775866321,2.4419439400157557,1
-2.5468323254775984,10.117588010214845,0
4.222512022623017,1.6780797697028258,1
-5.904314732673291,-6.36448150483199,2
-2.897374441593979,9.184702350573811,0
5.5302619997478875,2.5483747000472983,1
3.639547511622527,1.2954247134158805,1
3.9963290039106396,3.003130501521893,1
-6.492818670462068,-5.78912916808998,2
-5.686892025734855,-8.137977749184834,2
-7.652286636422094,-6.0499177814133365,2
-2.75043368090908,9.36634152471262,0
-3.1584751681187573,7.790345861436067,0
6.220419522796475,0.9580754921128634,1
4.348067567312557,0.40997887524407495,1
-0.9160109964133529,8.503070451767138,0
-7.056401354267052,-8.428727892139694,2
-6.684145459597979,-6.978954794515253,2
4.709930999341283,3.1350479865489222,1
-6.451310498776032,-6.8029530970582295,2
-2.778086313607581,7.907760219456653,0
-3.1718213819985968,9.584884796791483,0
2.8388211020753626,1.4304958842067101,1
-1.9621002418827125,8.81209347576443,0
-4.065779521712502,8.58617096723241,0
-8.788983278658563,-5.561807268423277,2
-6.393590901733633,-8.427413582214312,2
5.130853787866353,2.7080474699905492,1
-7.784241566145036,-5.707352748008502,2
-6.648181268625698,-6.233620055550176,2
4.264682455904165,1.655454587184498,1
-2.460337552727046,9.054877819402206,0
4.514424576225201,2.3010492081000895,1
5.3354165937938784,2.822271794683876,1
-6.37135855147668,-2.95387188683962,2
5.877316970912241,1.5158680288539421,1
-3.1187098252120333,8.827314825212877,0
5.317804707567371,1.4852582757950294,1
4.232842523301321,2.659488140897433,1
-5.160167431445762,10.105792980120786,0
-8.846696894738423,-7.997296054982949,2
-3.189222344631241,9.246539825359326,0
-2.7786044574973077,9.731828383994285,0
-2.992384085352124,10.588272891488355,0
-6.913239755854983,-6.425368681134812,2
-2.495268331139804,8.99016104108832,0
-7.297536736917161,-8.905917466387324,2
-0.10578203781447515,8.956667331164738,0
-2.5586613327051833,9.689105620364927,0
-7.295821596036524,-8.010178932316304,2
-2.6672055216317396,8.587405058250903,0
-6.663002215746651,-7.905862276916224,2
-7.451373233107332,-6.547502082951749,2
-2.004210344072293,9.880041322368445,0
-6.200695901091992,-7.0171050827184045,2
2.0041310972112236,1.976545190537893,1
5.559107770803305,1.305025598401738,1
-2.8449823223428785,10.683307653487716,0
-2.3111128622848947,8.86992571627438,0
4.136904065676759,2.2366568992717917,1
-3.837383671951181,9.211147364067447,0
-0.7437433827716533,9.419267839159279,0
-6.698564448380187,-5.576831555959883,2
-6.872448724243328,-8.96658725164703,2
-3.0643971497459486,10.895443197638913,0
-4.202154437248136,8.915946501403573,0
-2.318098555032847,9.060722676354471,0
-6.556652687533601,-6.94111356513133,2
4.508621869135797,2.0500215668995003,1
-6.953600054745648,-6.955775197601777,2
-6.65063079869193,-8.738011044674234,2
6.513176612445647,3.0532177496553805,1
-1.9898511088115778,10.5470250412009,0
-1.0679243339866347,7.578423977018884,0
-7.853006029178305,-5.872976256802787,2
-7.435745937912051,-7.0101698868295665,2
-6.953574756759663,-7.33176906943557,2
5.097651702379987,3.6476621172882693,1
-0.9299848075453587,9.781720857351232,0
-4.212580062407905,8.958738429301704,0
-5.264848400441418,-7.202137747768005,2
-6.341997288201391,-6.451923345465371,2
-6.173548277336138,-7.12279087008798,2
-6.53291721354635,-4.3685530416915235,2
2.764706366582357,2.0881957630881494,1
-1.0622197386990173,9.210840904709897,0
3.6847562568787486,2.396768749534193,1
-7.8315456511735055,-6.802629074757084,2
4.483980658291434,1.424882387450131,1
-6.305882770146857,-8.156414009814283,2
5.302760104895514,3.146643541426057,1
-0.8642299095514665,8.765250088641945,0
-8.723420774632016,-7.770427441295818,2
-7.6926415634114,-6.056829677598241,2
-7.8161335659408655,-7.547889149744833,2
-0.2102994994334999,8.651447567758664,0
-5.428699642872058,-5.072912949638061,2
-2.0962661687771256,8.450561575394348,0
5.490776798396073,1.8357978955413354,1
-2.412201658060032,9.609443153635237,0
-7.487502451827088,-7.4192322964249255,2
-2.128999772046787,9.624871873482146,0
-6.415257327604696,-7.430661524984434,2
-1.5928699483502688,9.360774604096315,0
5.458656479982962,3.5111016023532846,1
-7.80419130552937,-8.477708762871378,2
-5.8701554025553015,-7.725051031869443,2
-2.756375005573347,8.332301880200525,0
4.947285534037202,2.7889068964800288,1
-2.0795794039201643,9.221973815361434,0
-2.47119414488455,9.134317454916584,0
5.355260151669345,2.6913554096486667,1
-6.541074314865356,-7.818035169812346,2
3.548912406012903,1.5623553959861471,1
4.280110190439015,0.6471219978586935,1
5.827264887792852,4.562733325959345,1
-6.800029328775234,-6.326051822160039,2
4.203159100187506,1.9070370693149095,1
4.013161611638136,2.8355631563234907,1
4.759459204642255,1.0001007430591766,1
-5.99212322373721,-6.119262938964469,2
3.7392581015802326,2.611561609549115,1
-6.973263379890441,-5.554312945733756,2
-6.80105016143212,-9.008843687690758,2
4.9590533466472815,3.3136201299638763,1
-1.9383071123595832,10.149851768378923,0
2.6605790258523134,2.721079940058266,1
6.2570914111967255,2.077525621463945,1
0.05088691521604449,8.918226228473673,0
3.038974857751586,1.144672659160486,1
-6.376842764256076,-5.083748770348983,2
-5.230146296827349,-5.809499033296761,2
-6.3573765551334915,-6.9780248397188505,2
5.205388481859646,0.2124069247849143,1
-6.545767224582735,-5.448742811444763,2
3.6834424594100925,2.4455759618211093,1
-5.620393951364472,-5.733668722875219,2
4.943697431832977,2.6947321890668756,1
2.276946400686263,0.9634389792307945,1
-3.631919644615049,9.396695874382374,0
4.799735228225502,0.9454945430147739,1
-1.93212549587221,8.81124074215533,0
4.586758183210556,3.1967385663593593,1
-2.4606759951079233,8.183336011787286,0
4.196834815099619,1.4936767165414886,1
-7.93853477820787,-5.398446190813348,2
-4.3454029961560465,9.522277455110867,0
-2.7581617715318236,9.985857079152678,0
-7.029567910230379,-8.31326140780066,2
-3.5902609506526475,9.630221735142587,0
4.456982395123261,3.348046103088917,1
-1.3604319226806467,7.2745723494202235,0
3.8538928035931193,0.5921250807869571,1
5.376722733320535,1.6918421268225186,1
4.948711848827065,3.67538462857597,1
-6.032856415934776,-9.007337013627442,2
2.486535916356857,3.0703223956944274,1
-2.5226948477906843,7.956575199242423,0
-6.000210150013867,-7.957485670260705,2
-7.2910537982672725,-5.726208859020199,2
-1.679792041869261,6.803150819190439,0
4.501422852244327,0.7488714476513663,1
-4.222332152143628,10.368158502363737,0
-4.043311793788373,10.291962950096833,0
-5.928177914093183,-7.246616613643998,2
-5.3494319922879185,-6.215182430974206,2
-3.146584750359268,10.203302659305875,0
4.1698366884686,2.2390479135927803,1
4.780765083139305,0.20473031837788036,1
5.8609125317534545,2.555267387409348,1
-7.239256863603733,-6.579002254084204,2
-8.534514627379567,-7.84015588855541,2
-3.1323381494775147,8.458809009038069,0
5.638189734376062,1.5415493712226835,1
4.966623600830421,2.2736440435515606,1
-1.5453185062578405,11.224809129789675,0
-3.1481593707422526,7.691196334790825,0
-0.8671824629163811,10.024103217540958,0
-6.819541196536107,-6.491797587852497,2
-7.976995510122337,-8.357034520807847,2
-6.636745178000995,-8.962208296464935,2
4.13173863858079,1.8253893651232604,1
-7.465554864469025,-6.551002814565817,2
4.840448033459044,3.121807033369447,1
-3.521301998312918,7.3594294563325535,0
-7.117737627463324,-6.834106846022673,2
5.968072978077159,2.529399693341392,1
4.04236864153646,3.39553954563924,1
-0.4339367504274847,8.325098310108755,0
-3.4741210836328547,9.700337588196764,0
-2.171594960977548,8.602409162075856,0
-5.797860463478441,-8.192328786707353,2
-2.533552215313733,11.156556486810187,0
5.274600304789871,3.082869525896955,1
-3.5768180524353443,8.871906643177029,0
-5.720553126195372,-7.216364331957019,2
2.86684636802122,3.2350911846547237,1
-3.4324308691636545,7.66260152258199,0
-6.911066361526046,-7.728538227466761,2
3.856113170641705,1.2826286316244726,1
-7.335748018625458,-6.698682973161976,2
5.6871965428495495,3.1427596763685055,1
-1.8229374326782366,7.401570257008672,0
3.267977693296745,0.35960828606399087,1
-6.7878747067028975,-6.627869196849269,2
-7.757950268331009,-7.258117492294164,2
3.9647005612537196,1.828651013225214,1
-8.610828494596195,-5.3851713658227105,2
-3.6365342215565377,-4.572193342659837,2
2.8636436033297814,2.3818224954214027,1
-6.257557200845222,-5.551176273740537,2
-3.1329665837485554,10.92831748206511,0
6.181988788795977,3.979262572099855,1
7.588973261536827,3.2178492646775188,1
-2.1147454806744532,8.59330164737806,0
-8.396800887822948,-6.129530425754181,2
-5.632735475616551,-6.942113602641978,2
-8.022646503225,-6.0599514065204625,2
-5.872183217956072,-8.135032261278239,2
-7.158510585302027,-6.034951622091625,2
-7.209747285117721,-7.091776575207123,2
3.829021325017763,0.7155918250261157,1
-5.697736098191308,-6.3992015005270515,2
-3.244727565642517,10.25037930340876,0
-7.594307868141702,-6.358829688262132,2
-1.8272446517577863,8.704019371604867,0
-6.568517200008075,-8.7697588853721,2
6.653266083754724,2.1097050150234695,1
-2.961503942301827,6.590406801569367,0
3.4961526289074394,2.081729389717255,1
-6.30649937791007,-8.665976085210058,2
5.233435558508964,-0.9672189507235482,1
6.696422401057643,0.8422812486148161,1
-1.5458214938084285,9.427067055134822,0
-2.065378194906522,9.78892018162766,0
-3.3559913411211553,7.499438903512459,0
-5.830920064734706,-5.224702480187651,2
-6.739739958312143,-5.883991378364818,2
4.829585003838497,1.311187506144123,1
5.7158859748266995,1.9944813326126742,1
-2.2494751213312685,8.109969503093915,0
-2.3360166972015683,9.39960350792716,0
5.736348070038985,1.3474923964445196,1
-5.964236915591108,-7.429649867871482,2
-7.338717501370262,-7.5747099624390914,2
-7.991207440664821,-6.91593517198241,2
-2.6763157033696046,9.160999814631646,0
-1.8754207421206517,9.428085225649822,0
5.032294803406868,1.4642060582332332,1
5.1030851283272245,0.6060318774804863,1
-5.679365441412441,-7.343270955361346,2
-1.6963355042137902,9.643914970121935,0
-6.657337335350416,-5.601243779962553,2
4.5564408664377405,0.5235244642422019,1
3.550245798885713,1.1884077758130287,1
-6.239147395950447,-7.070612699273758,2
-7.507361097235775,-7.168148467198023,2
-2.3126764533512802,9.723289885786835,0
-6.694451654321356,-6.454664729091775,2
-7.6958444356932345,-6.8019665303062995,2
4.40585897712112,2.439528058387066,1
-4.116680857613978,9.198919986730628,0
-7.241089957845256,-6.463663555174494,2
-2.8519121395795195,8.212008858976704,0
4.680798011623822,0.9709822281592593,1
-2.2325068237227312,9.841469377234347,0
4.326820805704947,1.9724610893640862,1
6.810821553725916,1.7972838715083954,1
-3.2276048886219475,9.909210505142765,0
4.203114598989884,0.3665925832020527,1
-2.579363334511397,7.353325194682332,0
-7.981919340987694,-6.198750082832999,2
5.9416201256268995,3.534680880667585,1
5.174384484708652,2.8608251098145683,1
-5.883056680571823,-7.346604972504145,2
-7.396056835038841,-7.076576176704044,2
-5.837902527092419,-6.296565290264059,2
-2.237618785857377,7.737537552378013,0
-2.8169758580057507,9.233436455862263,0
-1.895030923009325,9.771793838245628,0
4.269370737638073,0.56760266476209,1
-3.038957826819789,9.527553561311679,0
3.998397241005149,2.4050922286146728,1
4.618511541879665,1.2259580047929086,1
-2.7015585878338726,9.315833470531937,0
0.06416218019711017,9.073504562212811,0
-7.8497514515309135,-7.277667358767668,2
-5.124694119504029,-6.861707962492509,2
-1.48662719104311,11.454038534537595,0
5.423269345510697,1.7216307978962364,1
-2.3062746022014506,7.498542013201091,0
2.2010616779516723,1.8388905217544278,1
5.150670924755696,3.0037502695647893,1
-1.4800419857271065,9.486883610611367,0
-2.6248459054409907,8.713182432609035,0
3.5774853080812217,2.4014767811483804,1
-8.009830915825194,-4.468432917697525,2
4.53542961769063,1.8043479607507213,1
-2.342745414839694,9.506737392206473,0
-2.409546257965109,8.510810474082124,0
-0.9580456475302273,9.129960762491182,0
-7.597546081898872,-7.110634218456197,2
-2.9013057761849077,7.550771180066205,0
-3.513338389804818,8.246488563094195,0
-2.696069267214109,8.574555069924148,0
-1.2631124305551211,6.940895895790174,0
-2.4174368465172478,7.026717213597431,0
1.620366680407276,2.157019228694427,1
5.131897684220901,1.4471348412731517,1
4.60664884558364,1.7650528266681924,1
-1.534077889634999,8.867228746696185,0
-1.7374989124044053,6.165743507568248,0
-6.563268869615126,-7.765358279400169,2
-1.2315327272643253,8.422714739362494,0
-1.3299004389889237,9.081804609608433,0
4.281538684206879,1.3256278783055726,1
7.066595322573624,2.406129509301428,1
-7.486492369008445,-6.4224230072223945,2
4.8046396774646185,2.02405738579675,1
5.178174915277735,3.045677021250534,1
-5.363233135897697,-6.2779912728834635,2
-7.888181875227478,-8.842735284948526,2
-7.596643340279206,-8.164693858975916,2
6.702403755471247,0.9056367696864591,1
-5.775749847835012,-6.404941846780565,2
-1.1918035574184245,9.211885732890723,0
3.9230565156252966,0.10663306686767204,1
-7.0821514182161,-7.408406639938925,2
2.9140721074375047,1.295605031605077,1
2.467209290214065,2.8205913610911537,1
-6.284597725315705,-7.437532646384268,2
4.034018015469208,3.6925475901480285,1
6.1683472626406335,2.481005440230356,1
-5.600108521391111,-9.096928432630012,2
6.03234413629243,1.7231231693417792,1
3.870736486440803,1.0332665828318675,1
-1.8664748631852062,10.343438658330754,0
6.713961505978075,1.0537850923543086,1
-6.6156071098176,-5.607756093169179,2
-5.9474356268908855,-7.116664880494893,2
-6.968861345372719,-6.917680238255428,2
3.5494797587852553,3.384102063687002,1
-5.968264468976549,-6.774355802004466,2
-6.4436518016512245,-9.412355678495633,2
5.840292744172527,1.3162754049693364,1
5.522211898551511,1.5210793511076517,1
-3.7607370472431945,10.458050732271584,0
-1.3599242967670744,8.311109703072436,0
6.797187049493605,1.3674547609373935,1
-6.376882383660456,-9.373380413606025,2
3.3797140710555214,1.3568082759012545,1
-0.8757660907516542,7.867940735179635,0
5.530077247352888,3.0084190186644846,1
-7.649623257348727,-8.17622625752584,2
4.928572465507958,2.2334915227119527,1
5.113510913039556,1.0467885539591935,1
5.364974623076098,2.4893479710556905,1
-3.1361646808405177,10.826734686195252,0
-3.3848158764375076,7.631486397233987,0
-2.554783639408248,9.257625577521015,0
-7.881844210077995,-7.632544830628982,2
-6.622428220795343,-7.12077476780616,2
-7.461409224543324,-8.053989557684918,2
-2.503953923334567,9.061266721963065,0
-4.754855788134309,-5.548770531287543,2
4.909005777473209,1.6299774084433216,1
-1.106403312116651,7.612435065406043,0
-2.6861448505467997,8.21598888365987,0
5.478819336697714,1.3559164973938085,1
5.323448159428579,0.6072139727401977,1
4.09115392848714,2.0660145850818465,1
-2.030217797306358,9.347948233485273,0
-6.555570162929709,-8.027800983091614,2
-2.206562157813717,8.260010278178965,0
2.6697750185162654,2.8657670222400413,1
3.1433495811380223,1.323145749533834,1
-8.655638945199673,-5.816168605715091,2
4.971859166797116,2.163669363719799,1
5.3786893171156045,2.5885371679537856,1
-3.101591547291619,8.150295358518507,0
-4.575988439046482,-8.359553816415671,2
4.620459230340368,1.669989901106457,1
4.4094781220223345,1.0489365396724275,1
-6.645602736798122,-7.128638211350396,2
6.701382412864499,3.1815359145338746,1
3.586196417081747,0.9053667623615389,1
3.041754484344354,2.4353423500226747,1
-5.118439066283896,-6.880423265887721,2
-2.3293034718992716,10.406288414542923,0
-4.917040000620475,-6.8764139214280995,2
4.196596585036591,1.0883669699138312,1
4.311260360479117,2.5763571150230753,1
3.8765927320495197,2.011107519388334,1
-3.888516851067277,8.283356088256404,0
-0.9616924217226885,10.810163801293845,0
-7.043962397036662,-6.668016240201771,2
-7.449460119390029,-6.550600857702937,2
5.405959114612791,3.2001029078250394,1
-2.8244668676930957,9.77325534869159,0
-2.616227983007308,7.979043805778949,0
-5.757769334920799,-4.560068871258688,2
6.663485055457741,1.9799695285007297,1
-6.677298394728468,-5.248252694186838,2
3.4055299643481796,1.3807054247878376,1
-2.452547698155643,9.543978882555054,0
3.9431070177985266,2.5551962510254587,1
-3.5005899725090575,6.8608960145946085,0
-8.85785244052608,-6.833174691215577,2
3.4103292417756847,2.4698689071772537,1
-1.9941623558440904,9.528072079110531,0
-6.111419974519533,-6.664713087819659,2
-5.998219662227699,-6.158974230730365,2
-8.71077206948962,-8.108553424541709,2
-1.006840570956722,9.088380908618099,0
5.238673225790012,2.641510172658813,1
5.522988613375261,1.89533248692793,1
4.99050893550166,2.4623568140883956,1
4.416412853856249,1.6238528878225345,1
-2.267235351486716,7.101005883540525,0
5.11623660558432,2.478639843107359,1
-6.662851627388641,-7.977412120908791,2
-1.0326572733268544,10.394377482345774,0
-9.069548896129824,-5.685517372762216,2
-2.4115215245039185,8.241276344342857,0
-8.548226450029466,-5.821381063392067,2
-2.1425993769559017,8.074406341870969,0
-2.4130768461117666,8.552010839493281,0
4.624568987055106,2.5524611835418205,1
-8.517656248587286,-8.666485058630633,2
-3.3675554032339634,9.714596007607314,0
-8.172252538303532,-7.412278156403136,2
-3.727570456639185,-8.003603626515545,2
-2.028188391316037,9.238170152477455,0
4.612363931177465,3.745421280610476,1
3.387485391814982,2.3368015665657,1
4.572700546178746,1.2574096948299802,1
5.8756610280502555,0.9021160042916831,1
-5.986673321042501,-5.050489391559859,2
-3.746148333930832,7.693829515114047,0
-1.776557545837171,8.933569548089741,0
5.657540303071604,2.24466499476638,1
5.857037357053597,3.4944857358631833,1
-3.146937607304066,8.483289173196505,0
-6.886672176631825,-7.095719171843969,2
5.3596367783762835,0.6798967260695683,1
-3.4988257596230876,9.95505731618654,0
-2.68226944733662,9.029865175779792,0
-4.350071854384396,7.7347091614626216,0
-8.082828046540415,-7.922154005519049,2
-2.888325364040237,8.810705768095962,0
-3.312872191022481,10.65340293364239,0
-7.142286711467438,-7.216496538687083,2
6.279843365599494,2.7152971750126245,1
-2.5493555736970936,7.583511026080275,0
-2.623737468305368,10.252102440171786,0
-1.4261463798774732,10.068088180233227,0
-6.529977143851577,-8.444912364638002,2
-2.1822702492885875,8.795185599389459,0
-6.73410599338303,-7.494232158284262,2
-8.855114962368408,-6.129010138768637,2
4.532576692223873,2.420886609751009,1
-2.015167436770011,9.274959894022231,0
-7.743510151741036,-5.600644661618196,2
-7.675184259092152,-6.455715655414934,2
-2.298180155850132,8.91757301632793,0
4.699811466494429,2.2505466218989243,1
-2.0082804354283694,8.036730883399771,0
-2.8728098352666063,8.957340504477257,0
-7.760695527812563,-7.592330356924998,2
-2.0957627198290494,10.89108194075639,0
-7.516934938180065,-6.421722889724462,2
3.9858031531006777,0.14253678708427509,1
4.452734571223552,2.958899679620595,1
2.0859577013261466,2.9074895951800057,1
-3.619773468518579,10.766556571621946,0
-7.772414706643154,-6.36649512904485,2
-2.281737688448621,10.32142888248075,0
-7.020002250056606,-6.57249692508675,2
-4.633093347362557,8.488531106517563,0
5.593003881604188,2.486255104038025,1
5.338707256430636,2.3941426283301217,1
-1.2960999230735668,9.156003041838227,0
-0.9784467907090528,10.23304797989564,0
-3.0681194703243384,9.391498003262845,0
-6.689203301226212,-6.430890871990912,2
-4.576639723092627,8.925166088685534,0
6.000537432066753,0.6643492848216199,1
0.5696831854024875,10.133861039632901,0
5.059973326679943,2.580020277156403,1
-0.7115110962032276,9.655128989465332,0
3.383371941948845,2.786374870688709,1
-6.373661637695405,-7.6083817956825595,2
-2.220028979144932,11.469586268109218,0
4.4717350176433115,1.5010791062436049,1
-3.348415146275389,8.70507375234711,0
-5.602661805063082,-6.542086112174238,2
-3.6601912004750528,9.389984146543995,0
2.836739159972156,0.38903374093524223,1
-1.5274321360611558,8.689454744689701,0
3.5950696422070676,0.0068130945647302266,1
-6.983058415441554,-8.119162295802589,2
-6.239084256076497,-6.7570313916197655,2
4.646941994856278,1.3128485444672848,1
-3.085968953621083,9.769677354024079,0
-5.984271760388671,-7.511687322441278,2
-0.9586971302386733,8.015932087459532,0
3.446242004471621,2.8923238575507337,1
5.312740072194921,2.56498381768211,1
-4.829815095365344,-6.879426774318464,2
-7.661630683662307,-7.6398127107562335,2
4.267672060157048,3.0619183036449176,1
-7.13580694364665,-7.121607039146726,2
-2.4988450032093694,7.702449895848163,0
5.451275390719694,0.8249063951881137,1
-2.2531678887388744,9.996977112143837,0
-8.167934808614808,-6.587394111134094,2
2.7936909739900075,1.043658823748322,1
4.766258415774513,3.9120986829990168,1
-5.661432479397014,-5.822741287897721,2
-6.379763067410899,-8.279415768077888,2
-8.791882166571046,-6.948743639361415,2
-6.936215680051166,-5.661138803482284,2
-7.468494017889967,-7.7173720243256465,2
-5.877802337469333,-7.377680431661154,2
5.434143515849929,0.7188802607714826,1
-6.532065577347718,-6.79341189386155,2
-2.5419508932687487,8.470861357064559,0
5.764232196098604,1.6390924529607915,1
-2.7481456699191598,8.106722466156725,0
4.077710809649799,1.7639478101962043,1
5.851822821614502,2.234420215174588,1
-2.300334028047995,7.0546160043185475,0
4.7158341041441885,2.7158521023004543,1
2.773338884867485,2.980683373777654,1
5.763991556214115,2.92069614606359,1
-4.379989544078606,8.662772644157014,0
4.476811872284338,1.228267039134283,1
-1.8010889463641597,9.970988444992907,0
5.498329952884767,1.7385491139833182,1
5.76592908700027,1.9217759603522457,1
4.44497055587542,3.1069397808077968,1
-2.95538105626753,7.124745397252792,0
-1.590881017050437,7.443785524575146,0
-3.110565267003964,9.33406806234086,0
4.800452817277966,1.9762157040941464,1
4.13569900522043,1.8916470108390862,1
5.016979230130288,1.9439068702557536,1
6.541069521981109,1.9125088701261113,1
-6.100278187245937,-6.919129112653491,2
3.714454210168514,2.228553439615049,1
6.510844011599883,2.3627838613116356,1
3.5929678535461615,2.509822436468018,1
4.330669759178238,1.2210132783501488,1
-0.8314968089763095,8.460697886490328,0
-2.7326604083786012,9.728286622290415,0
4.67811683118813,0.5245782693071879,1
-6.620966043295882,-6.667369817418287,2
-5.648752677996535,-5.195095314567437,2
4.500432560547102,1.5229804190893204,1
5.191355111467624,2.3137589003412287,1
-9.117858424476243,-9.000809745911013,2
-8.966654209753338,-7.464727323933146,2
-4.234115455565783,8.451998598957351,0
-3.2245013323127183,9.693883877132999,0
-5.762793415621315,-6.6936934235319,2
-7.180486938292097,-8.089586528694753,2
-6.311523986022624,-7.929765092185888,2
-6.007430191078292,-7.195196324470055,2
-2.4305624327366595,7.016085443666215,0
3.812288615579382,2.0593135669871065,1
-0.37616424839648355,7.062198328675821,0
4.4009467370584066,1.606345272126044,1
-6.383428003787953,-7.415426305843606,2
4.9003210995616575,1.4343278277479938,1
3.771586104351735,2.507798770063167,1
5.291400827567607,0.8354840135159154,1
5.277929937668858,2.474014158885189,1
4.004516447402472,0.7835030248503707,1
5.007166149629442,3.811353360735854,1
3.2215131032950697,0.21236087195995612,1
-1.8638216734676027,10.382917685730671,0
4.027441461587664,2.3346732091468336,1
4.741735131490088,3.5221898354359196,1
-7.501661996705652,-6.297372010102082,2
-6.512007350941559,-6.732020173477671,2
-7.021773728091816,-6.5414222753542575,2
-3.0595027768981704,8.342662760260271,0
5.186163084231801,1.9795919537516697,1
5.757277652130562,3.421668913833658,1
3.6761199100174906,1.0160187690456892,1
4.665267256770512,0.05349652774307567,1
3.1087713336723786,2.487424439958567,1
-3.8294308300733926,10.845744894052677,0
-0.9231808069073981,7.776470629371474,0
-2.186479062714661,8.187055184646,0
-3.0268089220889216,9.238074079837222,0
-6.364332869526803,-7.714391403310572,2
2.4880634348987964,1.254016364698312,1
-0.6271731265777165,10.3597061743533,0
-7.486981624363482,-6.957330638498992,2
-5.928077420577226,-7.901272050836248,2
-7.847672949661515,-7.19041729866085,2
-2.404996519100874,8.951693000298802,0
-1.883530275287744,8.15712857178204,0
-6.808373441240378,-8.173617218480043,2
-2.2754117112620023,7.458390481994696,0
-1.2534414974792294,8.11967882597882,0
-6.655287534373188,-5.976092038514632,2
4.640085901146299,1.9638693628021056,1
4.763083643012587,2.5246550599811997,1
-2.5423245959265475,10.808843991716111,0
-6.71913756717779,-4.667578553878704,2
-2.5288354219794313,9.56677608261547,0
3.5547283096703035,1.1477591539617769,1
-3.2089231310453354,9.228266038932546,0
5.433367556780315,0.22463771070255123,1
4.034263296491237,3.799179397487668,1
-2.8716385644558824,7.8946162335721795,0
-4.178602904174122,9.55764632057826,0
3.3012730365048526,2.666088306972343,1
-1.8764157569464652,11.28497898600272,0
4.725771842521432,-0.2461306888068031,1
-2.604493155439702,9.293307653968663,0
-3.197347968230474,11.266721933542632,0
-6.471574344314514,-6.329312021002283,2
-1.9394303428205464,9.461994688215638,0
-2.87016378887183,10.173615931562571,0
-7.493950335247565,-7.589898585509482,2
-3.0396987706632776,8.438467887553644,0
-1.8190536313416377,8.613065656312488,0
-1.3663748085377296,9.766219160885097,0
5.362260194055873,1.600336531848965,1
4.816320391505327,1.6061418448574096,1
5.226572637703376,1.4982660273182076,1
-1.4781981005567992,9.945566247314522,0
-7.376559216269248,-7.062678567655488,2
-5.5031307411317325,-6.566977453262791,2
-1.7815680794157704,9.066232014005623,0
-8.058996312783886,-6.7078552068649095,2
3.5173340299836875,1.0556668629264685,1
4.614304524036107,0.20409377905161374,1
-2.9811294888421838,10.10323672516569,0
-6.595876167489769,-7.867982934176696,2
-2.4907792438631984,10.690723440473606,0
4.655497170177704,2.875446857727379,1
-6.276532506202437,-7.7306448720229906,2
-4.591127030936472,10.710742496488361,0
6.153328579470232,2.6039813684955098,1
4.978362679689792,1.6777682738017026,1
3.443995774192917,2.4177723521608727,1
-6.972571397764859,-7.119611515297696,2
4.186630427205088,3.4256372184114774,1
-8.519111353676704,-7.272580699336819,2
4.762549152222897,3.5978481424102924,1
